locale,short_description,full_description
fr-FR,"Rencontre des joueurs Roblox : vidéos, chat, Sparks et communautés","BloxSpark est le réseau social pensé pour les joueurs Roblox.

Rencontre de nouveaux joueurs, partage tes vidéos et connecte toi avec une vraie communauté qui partage ta passion.

Découvre des profils Roblox complets, vérifie qui tu ajoutes et construis ton réseau en toute confiance.

Publie tes vidéos de gameplay dans un fil vertical fluide et trouve du contenu qui te ressemble grâce à un système de recommandation qui apprend de tes goûts.

Matche avec des Sparks, des joueurs qui partagent tes centres d'intérêt, et lance une vraie conversation.

Discute en privé, en groupe ou par message vocal. Envoie des photos, des cadeaux et reste connecté à ton cercle.

Rejoins des communautés organisées en salons de discussion, avec des rôles, des règles et des espaces dédiés à chaque sujet.

Accomplis des quêtes quotidiennes, gagne des Blox et débloque des récompenses chaque jour.

Participe à des événements et des concours exclusifs organisés directement dans l'app.

Passe à Spark Plus pour débloquer des thèmes, des badges et des avantages premium.

La sécurité est prise au sérieux. Modération active, système de signalement, vérification des premières vidéos publiées et protection renforcée pour les comptes des plus jeunes.

Télécharge BloxSpark et rejoins une communauté de joueurs Roblox du monde entier."
en-US,"Meet Roblox players: videos, chat, Sparks and communities","BloxSpark is the social network built for Roblox players.

Meet new players, share your videos and connect with a real community that shares your passion.

Explore full Roblox profiles, check who you're adding and build your network with confidence.

Post your gameplay videos in a smooth vertical feed and discover content picked for you by a recommendation system that learns your taste.

Match with Sparks, players who share your interests, and start a real conversation.

Chat privately, in groups or with voice messages. Send photos, gifts and stay close to your circle.

Join communities organized into channels, with roles, rules and dedicated spaces for every topic.

Complete daily quests, earn Blox and unlock rewards every day.

Take part in exclusive events and giveaways hosted right inside the app.

Upgrade to Spark Plus to unlock themes, badges and premium perks.

Safety is taken seriously. Active moderation, a reporting system, review of first-time video uploads and extra protection for younger accounts.

Download BloxSpark and join a community of Roblox players from around the world."
es-ES,"Conoce jugadores de Roblox: vídeos, chat, Sparks y comunidades","BloxSpark es la red social pensada para los jugadores de Roblox.

Conoce a nuevos jugadores, comparte tus vídeos y conéctate con una comunidad real que comparte tu pasión.

Descubre perfiles completos de Roblox, comprueba a quién agregas y construye tu red con confianza.

Publica tus vídeos de gameplay en un feed vertical fluido y descubre contenido pensado para ti gracias a un sistema de recomendación que aprende tus gustos.

Haz match con Sparks, jugadores que comparten tus intereses, y empieza una conversación de verdad.

Chatea en privado, en grupo o con mensajes de voz. Envía fotos, regalos y mantente cerca de tu círculo.

Únete a comunidades organizadas en canales, con roles, normas y espacios dedicados a cada tema.

Completa misiones diarias, gana Blox y desbloquea recompensas cada día.

Participa en eventos y sorteos exclusivos organizados directamente en la app.

Pásate a Spark Plus para desbloquear temas, insignias y ventajas premium.

La seguridad se toma en serio. Moderación activa, sistema de denuncias, revisión de los primeros vídeos publicados y protección adicional para las cuentas más jóvenes.

Descarga BloxSpark y únete a una comunidad de jugadores de Roblox de todo el mundo."
pt-BR,"Conheça jogadores de Roblox: vídeos, chat, Sparks e comunidades","O BloxSpark é a rede social feita para jogadores de Roblox.

Conheça novos jogadores, compartilhe seus vídeos e conecte se com uma comunidade de verdade que compartilha sua paixão.

Explore perfis completos do Roblox, veja quem você está adicionando e construa sua rede com confiança.

Publique seus vídeos de gameplay em um feed vertical fluido e descubra conteúdo pensado para você com um sistema de recomendação que aprende o seu gosto.

Combine com Sparks, jogadores que compartilham seus interesses, e comece uma conversa de verdade.

Converse em privado, em grupo ou por mensagem de voz. Envie fotos, presentes e fique perto do seu círculo.

Participe de comunidades organizadas em canais, com cargos, regras e espaços dedicados a cada assunto.

Complete missões diárias, ganhe Blox e desbloqueie recompensas todos os dias.

Participe de eventos e sorteios exclusivos organizados direto no app.

Assine o Spark Plus para desbloquear temas, emblemas e vantagens premium.

A segurança é levada a sério. Moderação ativa, sistema de denúncias, revisão dos primeiros vídeos publicados e proteção extra para contas mais jovens.

Baixe o BloxSpark e junte se a uma comunidade de jogadores de Roblox do mundo todo."
de-DE,"Triff Roblox Spieler: Videos, Chat, Sparks und Communitys","BloxSpark ist das soziale Netzwerk für Roblox Spieler.

Lerne neue Spieler kennen, teile deine Videos und verbinde dich mit einer echten Community, die deine Leidenschaft teilt.

Entdecke vollständige Roblox Profile, prüfe wen du hinzufügst und baue dein Netzwerk mit Vertrauen auf.

Poste deine Gameplay Videos in einem flüssigen vertikalen Feed und entdecke Inhalte, die zu dir passen, dank eines Empfehlungssystems, das deinen Geschmack lernt.

Matche mit Sparks, Spielern, die deine Interessen teilen, und starte ein echtes Gespräch.

Chatte privat, in Gruppen oder mit Sprachnachrichten. Sende Fotos, Geschenke und bleib deinem Kreis nah.

Tritt Communitys bei, die in Kanäle unterteilt sind, mit Rollen, Regeln und eigenen Bereichen für jedes Thema.

Erledige tägliche Aufgaben, verdiene Blox und schalte jeden Tag Belohnungen frei.

Nimm an exklusiven Events und Gewinnspielen teil, die direkt in der App stattfinden.

Hol dir Spark Plus, um Designs, Abzeichen und Premium Vorteile freizuschalten.

Sicherheit wird ernst genommen. Aktive Moderation, ein Meldesystem, Prüfung der ersten hochgeladenen Videos und zusätzlicher Schutz für jüngere Konten.

Lade BloxSpark herunter und werde Teil einer Community von Roblox Spielern aus aller Welt."
ko-KR,"로블록스 플레이어 만나기: 영상, 채팅, Sparks, 커뮤니티","BloxSpark는 로블록스 플레이어를 위한 소셜 네트워크입니다.

새로운 플레이어를 만나고, 영상을 공유하고, 같은 열정을 가진 진짜 커뮤니티와 연결하세요.

완전한 로블록스 프로필을 확인하고, 누구를 추가하는지 확인하며 안심하고 네트워크를 만들어 보세요.

부드러운 세로 피드에 게임플레이 영상을 올리고, 취향을 학습하는 추천 시스템으로 나만을 위한 콘텐츠를 찾아보세요.

같은 관심사를 가진 플레이어인 Sparks와 매칭되어 진짜 대화를 시작하세요.

1대1, 그룹, 음성 메시지로 대화하세요. 사진과 선물을 보내고 소중한 사람들과 가까이 지내세요.

역할과 규칙, 주제별 전용 공간이 있는 채널형 커뮤니티에 참여하세요.

매일 퀘스트를 완료하고 Blox를 얻어 보상을 잠금 해제하세요.

앱 안에서 바로 진행되는 특별 이벤트와 경품 이벤트에 참여하세요.

Spark Plus로 업그레이드하면 테마, 배지, 프리미엄 혜택을 이용할 수 있어요.

안전은 최우선입니다. 적극적인 모더레이션, 신고 시스템, 첫 영상 업로드 검토, 청소년 계정을 위한 추가 보호 기능을 제공합니다.

BloxSpark를 다운로드하고 전 세계 로블록스 플레이어 커뮤니티에 합류하세요."
